<?xml version='1.0' encoding='windows-1252' ?>
<ftswdata>
<key name="thos"> 3,8,29,39,34,37,46,48, </key>
<key name="thought"> 34, </key>
<key name="thre"> 26,16,18,46, </key>
<key name="tim"> 13,44,46,24, </key>
<key name="toggl"> 44,48, </key>
<key name="tool"> 3, </key>
<key name="top"> 38,0,3,5,41,8,9,27,26,29,31,39,34,14,16,37,40,18,20,44,46,48,22,24, </key>
<key name="topic"> 38,26, </key>
<key name="travel"> 37,46, </key>
<key name="try"> 26,34,46, </key>
<key name="turn"> 5, </key>
<key name="two"> 5,8,26,16,46, </key>
<key name="typ"> 8,9,27,26,34,16,37,44,46, </key>
<key name="u"> 37,46, </key>
<key name="unit"> 46, </key>
<key name="up"> 3,26,31,34,46,48, </key>
<key name="updat"> 3,41,26,29,44,46,48,22,24, </key>
<key name="us"> 38,0,3,5,41,25,8,9,29,13,31,39,34,14,37,20,44,46,48,22,24, </key>
<key name="user"> 0,3,5,8,29,31,14,16,37,22,24, </key>
<key name="usual"> 46, </key>
<key name="utility"> 8,9, </key>
<key name="valid"> 37, </key>
<key name="valu"> 44,46,48, </key>
<key name="vari"> 39, </key>
<key name="variety"> 29, </key>
<key name="verifi"> 37,18, </key>
<key name="verification"> 34, </key>
<key name="verify"> 29,37, </key>
<key name="version"> 46, </key>
<key name="view"> 38, </key>
<key name="virtu"> 14, </key>
<key name="visit"> 46, </key>
<key name="visitor"> 46, </key>
<key name="want"> 8,9,26,46,48, </key>
<key name="web"> 26,46, </key>
<key name="webpag"> 38,25,26, </key>
<key name="websit"> 3,5,26,29,39,37,18,24, </key>
<key name="well"> 40, </key>
<key name="what"> 3,34, </key>
<key name="whenev"> 29,24, </key>
<key name="wheth"> 8,9,44, </key>
<key name="whil"> 34,46,48, </key>
<key name="whos"> 0,44,46, </key>
<key name="why"> 37, </key>
<key name="will"> 0,8,9,27,26,39,34,16,37,18,44,46,48,24, </key>
<key name="window"> 38,8,9,26,46, </key>
<key name="wish"> 16, </key>
<key name="within"> 26,13, </key>
<key name="without"> 3,39,46, </key>
<key name="xp"> 38, </key>
<key name="xxxxxxxxxx"> 3, </key>
<key name="year"> 44,46,48, </key>
<key name="yes"> 8,9,46, </key>
<key name="yet"> 31,18, </key>
<key name="your"> 38,3,41,27,26,29,31,39,34,37,46,48,24, </key>
<key name="zero"> 46, </key>

</ftswdata>  
