<?xml version='1.0' encoding='windows-1252' ?>
<ftswdata>
<key name="hidden"> 46, </key>
<key name="highlight"> 16,46, </key>
<key name="hold"> 0,34,18,20,46, </key>
<key name="hom"> 29,31,39, </key>
<key name="host"> 46, </key>
<key name="hous"> 24, </key>
<key name="how"> 44,46, </key>
<key name="icon"> 38,26,31, </key>
<key name="identify"> 8, </key>
<key name="identity"> 34, </key>
<key name="if"> 38,3,8,9,27,31,34,16,37,18,44,46,48,24, </key>
<key name="illustration"> 16, </key>
<key name="imag"> 26, </key>
<key name="immediate"> 46, </key>
<key name="impos"> 46, </key>
<key name="inactiv"> 0, </key>
<key name="includ"> 0,8,9,26,46,22, </key>
<key name="index"> 38,26, </key>
<key name="indicat"> 8,9, </key>
<key name="individual"> 46, </key>
<key name="info"> 48, </key>
<key name="information"> 3,41,8,9,26,29,13,34,37,18,44,46,48,24, </key>
<key name="initial"> 31,39,16,44, </key>
<key name="input"> 25, </key>
<key name="institution"> 46, </key>
<key name="insur"> 24, </key>
<key name="interactiv"> 25, </key>
<key name="interfac"> 25, </key>
<key name="international"> 37,46, </key>
<key name="internet"> 38, </key>
<key name="invit"> 48, </key>
<key name="item"> 16,46, </key>
<key name="just"> 26,37, </key>
<key name="keep"> 3,46, </key>
<key name="key"> 26,34,16,46, </key>
<key name="know"> 26, </key>
<key name="label"> 29,24, </key>
<key name="larg"> 24, </key>
<key name="last"> 31,16,44,46,48, </key>
<key name="leadership"> 46, </key>
<key name="least"> 34,46,48, </key>
<key name="leav"> 46, </key>
<key name="left"> 38,3,8,9,26,29,46, </key>
<key name="let"> 34,16, </key>
<key name="letter"> 34,46, </key>
<key name="level"> 5,26,37, </key>
<key name="limit"> 37,46, </key>
<key name="link"> 3,5,25,26,29,31,39,37,44,46,48, </key>
<key name="list"> 38,0,3,41,8,9,26,29,34,14,16,18,20,44,46,48,22,24, </key>
<key name="load"> 46, </key>
<key name="locat"> 46,48,24, </key>
<key name="location"> 26, </key>
<key name="log"> 29,31,37, </key>
<key name="login"> 31,34, </key>
<key name="long"> 24, </key>
<key name="look"> 46, </key>
<key name="low"> 5,8,9,34,46, </key>
<key name="mail"> 34,24, </key>
<key name="main"> 5,41,29,39,46,48, </key>
<key name="mak"> 3,39,34,37,22, </key>
<key name="manag"> 13, </key>
<key name="mark"> 16, </key>
<key name="match"> 27,34,46,48,24, </key>
<key name="meet"> 34, </key>
<key name="menu"> 38,26,39, </key>
<key name="merg"> 24, </key>
<key name="messag"> 34, </key>
<key name="method"> 46, </key>
<key name="middl"> 31, </key>
<key name="might"> 37, </key>
<key name="mis"> 41,48, </key>
<key name="modifi"> 46, </key>
<key name="modification"> 46, </key>
<key name="mous"> 39, </key>
<key name="mov"> 39,16, </key>
<key name="multi"> 46, </key>
<key name="must"> 34,16,37,46,24, </key>
<key name="my"> 38, </key>
<key name="nam"> 0,3,41,8,9,31,34,14,16,20,44,46,48,22,24, </key>
<key name="national"> 13, </key>
<key name="navbar"> 39, </key>
<key name="navigation"> 3,41,39,48, </key>
<key name="ne"> 3,26,34,37,18, </key>
<key name="necessary"> 16, </key>
<key name="need"> 38,37,46,24, </key>
<key name="nev"> 27, </key>
<key name="new"> 0,8,9,26,29,31,34,37,46,48,24, </key>
<key name="next"> 34, </key>
<key name="not"> 13,46, </key>
<key name="notification"> 34, </key>
<key name="numb"> 0,34,40,46,48,24, </key>
<key name="number"> 34,24, </key>
<key name="obtain"> 18, </key>
<key name="obviou"> 37, </key>
<key name="of"> 26, </key>
<key name="offer"> 44,46, </key>
<key name="offic"> 0,3,29,13,34,37,18, </key>
<key name="ok"> 8,16,46,48, </key>
<key name="oldest"> 44,48, </key>
<key name="on"> 9,39,34,14,16,18,20,46,48, </key>
<key name="open"> 38,0,3,41,25,8,9,26,29,31,39,14,37,20,44,46,48, </key>
<key name="opennet"> 27,31,34,37, </key>
<key name="option"> 38,0,8,9,26,14,18,20, </key>
<key name="ord"> 44,48, </key>
<key name="original"> 46, </key>
<key name="other"> 46,48, </key>
<key name="otherwis"> 44, </key>
<key name="out"> 31, </key>
<key name="own"> 3,29,24, </key>
<key name="p"> 13, </key>
<key name="pag"> 38,0,3,5,41,8,9,27,26,29,13,31,39,34,14,16,37,40,18,20,44,46,48,22,24, </key>
<key name="pair"> 8,9, </key>
<key name="pan"> 26, </key>
<key name="panel"> 38,41,29,48, </key>
<key name="pao"> 3,29,13,34,14,37,18, </key>
<key name="part"> 26, </key>
<key name="participant"> 41,46,48,24, </key>
<key name="participat"> 46, </key>
<key name="pas"> 34, </key>
<key name="password"> 27,31,34, </key>
<key name="past"> 24, </key>
<key name="pd"> 3,13, </key>
<key name="pend"> 3, </key>
<key name="peopl"> 37,18,20, </key>
<key name="person"> 0,3,8,14,37,18,20,48, </key>
<key name="phon"> 0,34, </key>
<key name="pick"> 38, </key>
<key name="plac"> 39, </key>
<key name="play"> 37, </key>
<key name="pleas"> 3,41,29,13, </key>
<key name="pop"> 26,46, </key>
<key name="portion"> 34, </key>
<key name="position"> 3,34,37,24, </key>
<key name="possibl"> 3,24, </key>
<key name="post"> 3,34,37,24, </key>
<key name="potential"> 14, </key>
<key name="pr"> 3,14, </key>
<key name="pres"> 26,16, </key>
<key name="previou"> 26,34,46, </key>
<key name="previous"> 46, </key>
<key name="principal"> 39, </key>
<key name="privileg"> 29,37,22, </key>
<key name="proce"> 34, </key>
<key name="procedur"> 31, </key>
<key name="proces"> 26,24, </key>
<key name="profil"> 0,3,41,14,20,44,46,48,22, </key>
<key name="program"> 41,37,44,46,48,24, </key>
<key name="prospectiv"> 37, </key>
<key name="provid"> 3,40,46,24, </key>
<key name="public"> 37, </key>
<key name="put"> 18, </key>
<key name="question"> 27,31,34, </key>
<key name="quick"> 3,16, </key>
<key name="radio"> 26, </key>
<key name="re"> 8,9,44,46,48,24, </key>
<key name="read"> 38,41,48, </key>
<key name="reason"> 37, </key>
<key name="receiv"> 34,37, </key>
<key name="record"> 3,29,37,44,46,48,24, </key>
<key name="reflect"> 8,9, </key>
<key name="regard"> 0, </key>
<key name="regist"> 8,31,37,24, </key>
<key name="register"> 0,3,27,31,14,18, </key>
<key name="registrant"> 37,22, </key>
<key name="registration"> 0,3,29,31,34,14,37,18,20,22,24, </key>
<key name="rememb"> 31,34, </key>
<key name="replac"> 31,46, </key>
<key name="report"> 29,40,24, </key>
<key name="request"> 3,16,18,20, </key>
<key name="requir"> 8,31,46, </key>
<key name="requirement"> 34, </key>
<key name="reset"> 16, </key>
<key name="residenc"> 46, </key>
<key name="resourc"> 46, </key>
<key name="responsibiliti"> 3, </key>
<key name="responsibility"> 34,37, </key>
<key name="responsibl"> 37, </key>
<key name="restrict"> 31, </key>
<key name="result"> 41,16,44,46,48,24, </key>
<key name="return"> 38,0,3,5,41,8,9,27,26,29,31,39,34,14,16,37,40,18,20,44,46,48,22,24, </key>
<key name="right"> 0,8,9,26,29,31,34,16,18,20,46,48, </key>
<key name="rol"> 0,3,5,8,9,13,39,34,14,16,37,24, </key>
<key name="run"> 16,46, </key>
<key name="s"> 0,26,37,20,46, </key>
<key name="sam"> 26,31,34, </key>
<key name="sav"> 41,46,48,24, </key>
<key name="scroll"> 16, </key>
<key name="se"> 3,8,9,27,13,31,34,37,18,46,48,24, </key>
<key name="search"> 3,41,16,44,46,48,24, </key>
<key name="second"> 46, </key>
<key name="secret"> 27,34, </key>
<key name="section"> 5,29,39,37,46, </key>
<key name="security"> 31, </key>
<key name="select"> 38,41,25,8,9,27,26,34,16,44,46,48, </key>
<key name="selection"> 39,34, </key>
<key name="sent"> 27,46, </key>
<key name="separate"> 46, </key>
<key name="sequenc"> 46, </key>
<key name="sequential"> 46, </key>
<key name="serv"> 46, </key>
<key name="servic"> 13,37, </key>
<key name="set"> 8,9,39,14,44,46,48, </key>
<key name="seven"> 46, </key>
<key name="shift"> 46, </key>
<key name="should"> 38,3,8,9, </key>
<key name="show"> 16,46, </key>
<key name="similar"> 24, </key>
<key name="sinc"> 44, </key>
<key name="sit"> 3,5,29,31,39,37, </key>
<key name="six"> 46, </key>
<key name="small"> 8,26, </key>
<key name="smith"> 46, </key>
<key name="smithson"> 46, </key>
<key name="soon"> 3, </key>
<key name="sort"> 44,48, </key>
<key name="span"> 46, </key>
<key name="special"> 38, </key>
<key name="specifi"> 46, </key>
<key name="specific"> 3,29,37,24, </key>
<key name="specify"> 46,48, </key>
<key name="spel"> 16, </key>
<key name="start"> 3,31,44,46, </key>
<key name="stat"> 13,37,46, </key>
<key name="station"> 3,13,24, </key>
<key name="statu"> 0,3,20, </key>
<key name="status"> 3, </key>
<key name="stor"> 24, </key>
<key name="str"> 46, </key>
<key name="strong"> 24, </key>
<key name="student"> 46, </key>
<key name="study"> 44,46, </key>
<key name="sub"> 5, </key>
<key name="submit"> 8,9,27,34,16,37, </key>
<key name="subsequent"> 46, </key>
<key name="successful"> 31, </key>
<key name="support"> 38, </key>
<key name="symbol"> 34, </key>
<key name="tab"> 38,16, </key>
<key name="tabl"> 8,26,37,44, </key>
<key name="tak"> 26,24, </key>
<key name="task"> 26, </key>
<key name="tel"> 37,44,46, </key>
<key name="text"> 41,8,9,26,34,16,37,46,48, </key>
<key name="them"> 3, </key>
<key name="therefor"> 31,44, </key>

</ftswdata>  
