<?xml version='1.0' encoding='windows-1252' ?>
<ftswdata>
<key name="1"> 44,46,48, </key>
<key name="2000"> 38, </key>
<key name="25"> 44,48, </key>
<key name="26"> 48, </key>
<key name="3"> 34, </key>
<key name="38"> 48, </key>
<key name="39"> 41, </key>
<key name="4"> 34, </key>
<key name="5"> 34, </key>
<key name="500"> 44,46,48,24, </key>
<key name="8"> 34, </key>
<key name="abl"> 8,9, </key>
<key name="abov"> 44,46, </key>
<key name="abroad"> 3,13,34,46, </key>
<key name="acces"> 3,8,9,29,31,39,14,37,18,22,24, </key>
<key name="accessibility"> 38, </key>
<key name="accessibl"> 39, </key>
<key name="accomplish"> 46, </key>
<key name="account"> 31, </key>
<key name="accurat"> 24, </key>
<key name="action"> 25,8,9,46, </key>
<key name="activ"> 0,3, </key>
<key name="ad"> 13,46, </key>
<key name="add"> 41,8,9,37,46,48, </key>
<key name="addition"> 34,37, </key>
<key name="additional"> 0,26,13,34,37,46, </key>
<key name="addres"> 27,34,37, </key>
<key name="admin"> 5,29,39, </key>
<key name="administ"> 3,5, </key>
<key name="administration"> 5, </key>
<key name="administrativ"> 3,8,9,29, </key>
<key name="administrator"> 3,8,27,39,34,14, </key>
<key name="again"> 34,44,48, </key>
<key name="agent"> 3,8,9,29,34,14,37,22, </key>
<key name="allow"> 25,27,29,16, </key>
<key name="almost"> 26, </key>
<key name="along"> 29,44,48, </key>
<key name="alphabetical"> 44,48, </key>
<key name="already"> 3, </key>
<key name="alt"> 26,46, </key>
<key name="alumna"> 41,48, </key>
<key name="alumni"> 38,0,3,41,8,26,29,13,31,14,16,37,40,18,44,46,48,24, </key>
<key name="alumnu"> 44,46, </key>
<key name="alway"> 34,46, </key>
<key name="american"> 3,13,34,46, </key>
<key name="animat"> 16, </key>
<key name="announcement"> 29, </key>
<key name="anoth"> 46, </key>
<key name="answ"> 27,31,34, </key>
<key name="any"> 38,0,3,41,26,13,31,37,44,46,48,22, </key>
<key name="anyon"> 46, </key>
<key name="appear"> 3,31,16, </key>
<key name="appoint"> 13, </key>
<key name="appropriat"> 34,37,46, </key>
<key name="approv"> 14,18,20, </key>
<key name="approval"> 34, </key>
<key name="archiv"> 38,0,3,8,26,29,31,14,16,37,40,18,48,24, </key>
<key name="ascend"> 44,48, </key>
<key name="ask"> 46, </key>
<key name="assign"> 0,3,37,24, </key>
<key name="assignment"> 3,29,34,37, </key>
<key name="authoriz"> 3,8,9,29,34,14,37,22, </key>
<key name="auto"> 34, </key>
<key name="automatical"> 14,46, </key>
<key name="availabl"> 38,3,41,26,29,34,37,48,24, </key>
<key name="back"> 1,2,4,42,6,7,11,10,12,28,26,30,43,13,32,33,35,36,15,17,37,19,21,44,45,46,47,23, </key>
<key name="backspac"> 26, </key>
<key name="bar"> 38,41,39,48, </key>
<key name="bas"> 37,24, </key>
<key name="basic"> 46, </key>
<key name="be"> 46, </key>
<key name="befor"> 37,18, </key>
<key name="begin"> 16,46, </key>
<key name="below"> 8,39,34,46, </key>
<key name="bert"> 46, </key>
<key name="bertram"> 46, </key>
<key name="besid"> 26, </key>
<key name="best"> 34, </key>
<key name="bet"> 24, </key>
<key name="bio"> 24, </key>
<key name="blu"> 26, </key>
<key name="book"> 38, </key>
<key name="both"> 46, </key>
<key name="bottom"> 41,34,16,37,46,48, </key>
<key name="box"> 41,8,9,26,34,16,37,46,48, </key>
<key name="brief"> 3,29, </key>
<key name="brows"> 38,26, </key>
<key name="built"> 38, </key>
<key name="button"> 0,3,41,8,9,26,31,34,14,16,37,18,20,44,46,48, </key>
<key name="calendar"> 46, </key>
<key name="cancel"> 46, </key>
<key name="capability"> 40, </key>
<key name="careful"> 16, </key>
<key name="cas"> 34,46,24, </key>
<key name="category"> 3, </key>
<key name="caus"> 46, </key>
<key name="cent"> 38, </key>
<key name="central"> 46, </key>
<key name="chang"> 0,3,41,25,8,9,29,37,20,46,48,22, </key>
<key name="character"> 34, </key>
<key name="check"> 16,37,24, </key>
<key name="checkbox"> 41,16,48, </key>
<key name="chief"> 3,13, </key>
<key name="choos"> 46, </key>
<key name="chos"> 27, </key>
<key name="citi"> 34, </key>
<key name="citizenship"> 46, </key>
<key name="city"> 0,34,46, </key>
<key name="civil"> 13,37, </key>
<key name="click"> 38,0,3,41,8,9,26,31,39,34,14,16,37,18,20,44,46,48, </key>
<key name="clos"> 41,48, </key>
<key name="cod"> 0,34, </key>
<key name="collect"> 46, </key>
<key name="color"> 0, </key>
<key name="column"> 38,3,8,44,48, </key>
<key name="com"> 46, </key>
<key name="combin"> 46, </key>
<key name="comment"> 0,37,22, </key>
<key name="comput"> 38, </key>
<key name="confirm"> 8,34, </key>
<key name="confirmation"> 8,37, </key>
<key name="contact"> 3,29,24, </key>
<key name="content"> 38,26, </key>
<key name="continu"> 34,37, </key>
<key name="contract"> 13, </key>
<key name="contractor"> 34,37, </key>
<key name="control"> 41,25,8,9,26,34,46,48, </key>
<key name="coordinator"> 13, </key>
<key name="correct"> 41,37,48, </key>
<key name="correction"> 37, </key>
<key name="could"> 46, </key>
<key name="countri"> 0,34,16,37,46, </key>
<key name="country"> 0,34,14,16,37,46, </key>
<key name="cover"> 26, </key>
<key name="creat"> 8,9,46,48, </key>
<key name="criteria"> 16,44,46,48,24, </key>
<key name="criterion"> 46, </key>
<key name="ctrl"> 34,46, </key>
<key name="current"> 0,41,8,9,34,48,24, </key>
<key name="cursor"> 39, </key>
<key name="custom"> 40,46,48,24, </key>
<key name="dat"> 3,34,44,24, </key>
<key name="data"> 0,3,41,25,8,9,26,29,13,34,14,16,37,18,20,44,46,48,22,24, </key>
<key name="databas"> 41,8,48,24, </key>
<key name="day"> 34, </key>
<key name="default"> 38,8,9,46,48, </key>
<key name="defin"> 40,44,46,48,24, </key>
<key name="delet"> 8, </key>
<key name="deny"> 0,14,18,20, </key>
<key name="department"> 37, </key>
<key name="departur"> 34, </key>
<key name="depend"> 3,39,34,46, </key>
<key name="dept"> 13, </key>
<key name="descend"> 44,48, </key>
<key name="describ"> 3, </key>
<key name="description"> 8,9,29, </key>
<key name="design"> 24, </key>
<key name="desir"> 16, </key>
<key name="desktop"> 38,31, </key>
<key name="detail"> 31,48,24, </key>
<key name="determin"> 34, </key>
<key name="dialog"> 8,46, </key>
<key name="different"> 8,9,39, </key>
<key name="diplomacy"> 37, </key>
<key name="direct"> 39, </key>
<key name="director"> 3,29,13,34,37,18, </key>
<key name="display"> 38,0,41,25,8,9,39,34,14,16,37,18,20,44,46,48,22,24, </key>
<key name="do"> 13,34,14,37, </key>
<key name="domestic"> 3,29,13,34,37,18, </key>
<key name="doubl"> 16,20, </key>
<key name="down"> 38,8,9,34,16,46, </key>
<key name="download"> 24, </key>
<key name="drop"> 38,8,9,34,16,46, </key>
<key name="duti"> 3, </key>
<key name="duty"> 24, </key>
<key name="e"> 34,44,48, </key>
<key name="easi"> 46, </key>
<key name="easy"> 39, </key>
<key name="eca"> 13,46,24, </key>
<key name="edit"> 5,8,9,13,20, </key>
<key name="editabl"> 41,48, </key>
<key name="eith"> 39,46, </key>
<key name="element"> 25, </key>
<key name="elsewher"> 46, </key>
<key name="email"> 0,27,31,34,37, </key>
<key name="embassy"> 37, </key>
<key name="employe"> 13,37, </key>
<key name="empty"> 8,9, </key>
<key name="encourag"> 24, </key>
<key name="ensur"> 37, </key>
<key name="ent"> 27,31,34,46,48, </key>
<key name="enter"> 3,31,34,16,37,44,22, </key>
<key name="entir"> 26, </key>
<key name="entry"> 34, </key>
<key name="error"> 34, </key>
<key name="estimat"> 34, </key>
<key name="etc"> 0,25,24, </key>
<key name="ev"> 34, </key>
<key name="exact"> 37, </key>
<key name="exampl"> 39,14,37,46, </key>
<key name="exchang"> 37,46,24, </key>
<key name="exist"> 41,9,46,48, </key>
<key name="expect"> 16, </key>
<key name="explanation"> 37, </key>
<key name="explor"> 38, </key>
<key name="f"> 26, </key>
<key name="fail"> 16,46, </key>
<key name="far"> 8, </key>
<key name="few"> 34, </key>
<key name="field"> 44,46, </key>
<key name="fil"> 8,9,34, </key>
<key name="fill"> 37, </key>
<key name="final"> 34, </key>
<key name="find"> 3,26,29,16,44,46,48, </key>
<key name="finish"> 8,9,34, </key>
<key name="first"> 8,31,34,16,37,44,46,48,24, </key>
<key name="fiscal"> 44,46, </key>
<key name="fit"> 34,46, </key>
<key name="focu"> 16, </key>
<key name="fold"> 38, </key>
<key name="follow"> 31,16, </key>
<key name="foreign"> 13,37, </key>
<key name="forget"> 34, </key>
<key name="forgot"> 27,31, </key>
<key name="forgotten"> 27,31, </key>
<key name="four"> 3,46, </key>
<key name="fourth"> 8, </key>
<key name="fsn"> 13,34,37, </key>
<key name="fulbright"> 46, </key>
<key name="full"> 39,44, </key>
<key name="function"> 39, </key>
<key name="fund"> 46,24, </key>
<key name="g"> 44,48, </key>
<key name="gend"> 46, </key>
<key name="generat"> 29,40,24, </key>
<key name="get"> 34, </key>
<key name="global"> 41,39,48, </key>
<key name="go"> 31, </key>
<key name="grant"> 37,18,24, </key>
<key name="graphical"> 25, </key>
<key name="great"> 46, </key>
<key name="green"> 26, </key>
<key name="hav"> 3,39, </key>
<key name="head"> 44,48, </key>
<key name="header"> 44,48, </key>
<key name="help"> 38,26,37, </key>
<key name="her"> 34,20,46,24, </key>
<key name="hid"> 46, </key>

</ftswdata>  
