<?xml version='1.0' encoding='windows-1252' ?>
<indexdata>
<key name="Accessibility" >
  <topic name="Accessibility" url="Navigation_&amp;_Accessibility/accessibility.htm" />
</key>
<key name="Accessibility for users with special needs" >
  <topic name="Accessibility" url="Navigation_&amp;_Accessibility/accessibility.htm" />
</key>
<key name="Active Users page" >
  <topic name="Active Users" url="Administration/See_Your_Active_Users.htm" />
</key>
<key name="Address fields" >
  <topic name="Address Fields" url="Reports/Address_Fields.htm" />
</key>
<key name="Admin page" >
  <topic name="Active Users" url="Administration/See_Your_Active_Users.htm" />
  <topic name="Administration" url="Administration/Administration.htm" />
  <topic name="Requesting Access" url="Administration/Approve_Access.htm" />
  <topic name="Requesting Changes" url="Administration/Approve_Changes.htm" />
</key>
<key name="Administer Users page" >
  <topic name="Administer Users" url="Administration/Verify_and_Change_Users.htm" />
</key>
<key name="Administration" >
  <topic name="Administer Users" url="Administration/Verify_and_Change_Users.htm" />
  <topic name="Administration" url="Administration/Administration.htm" />
  <topic name="Administration for PAOs and Office Directors" url="Administration/Administration_for_PAOs_and_Office_Directors.htm" />
</key>
<key name="Administration for PAOs and Office Directors" >
  <topic name="Administration for PAOs and Office Directors" url="Administration/Administration_for_PAOs_and_Office_Directors.htm" />
</key>
<key name="Alumni Archive Website" >
  <topic name="Using the Alumni Archive Website" url="Alumni_Archive_website/using_the_alumni_archive_website.htm" />
</key>
<key name="Alumni data" >
  <topic name="Alumni Profile page" url="Update_Alumni_Info/Alumni_Profile.htm" />
  <topic name="Update Alumni Data" url="Update_Alumni_Info/Update_Alumni_Info.htm" />
  <topic name="Updating Alumni Data" url="Update_Alumni_Info/Updating_Alumni_Data.htm" />
</key>
<key name="Alumni Profile page" >
  <topic name="Alumni Profile" url="Update_Alumni_Info/Alumni_Profile.htm" />
  <topic name="Updating Alumni Data" url="Update_Alumni_Info/Updating_Alumni_Data.htm" />
</key>
<key name="Contact Lists" >
  <topic name="Contact Lists" url="Reports/Create_Contact_List.htm" />
</key>
<key name="Create &amp; Print page" >
  <topic name="Create and Print" url="Reports/Create_and_Print.htm" />
</key>
<key name="Disabilities" >
  <topic name="Accessibility" url="Navigation_&amp;_Accessibility/accessibility.htm" />
</key>
<key name="Editing alumni records" >
  <topic name="Alumni Profile" url="Update_Alumni_Info/Alumni_Profile.htm" />
  <topic name="Updating Alumni Data" url="Update_Alumni_Info/Updating_Alumni_Data.htm" />
</key>
<key name="Excel spreadsheets" >
  <topic name="Create Contact List" url="Reports/Create_Contact_List.htm" />
  <topic name="Create Mailing Labels" url="Reports/Create_Mailing_Labels.htm" />
  <topic name="Create Statistical Reports" url="Reports/create_statistical_reports.htm" />
</key>
<key name="Forgot password" >
  <topic name="Forgot password" url="Log_In_&amp;_Registration/Forgot_password.htm" />
</key>
<key name="Forgot security answer" >
  <topic name="Forgot password" url="Log_In_&amp;_Registration/Forgot_password.htm" />
</key>
<key name="Global navigation bar" >
  <topic name="Navigation Bar" url="Navigation_&amp;_Accessibility/Global_Navigation_bar.htm" />
</key>
<key name="Home page" >
  <topic name="Home Page" url="Log_In_&amp;_Registration/Home_Page.htm" />
</key>
<key name="Log out" >
  <topic name="Logging In and Out" url="Log_In_&amp;_Registration/Logging_In_and_Out.htm" />
</key>
<key name="Logging in" >
  <topic name="Logging In and Out" url="Log_In_&amp;_Registration/Logging_In_and_Out.htm" />
</key>
<key name="Login" >
  <topic name="Logging In and Out" url="Log_In_&amp;_Registration/Logging_In_and_Out.htm" />
</key>
<key name="Mailing Labels" >
  <topic name="Mailing Labels" url="Reports/Create_Mailing_Labels.htm" />
</key>
<key name="NavBar" >
  <topic name="Global Navigation Bar" url="Navigation_&amp;_Accessibility/Global_Navigation_bar.htm" />
</key>
<key name="Navigation" >
  <topic name="Navigation Bar" url="Navigation_&amp;_Accessibility/Global_Navigation_bar.htm" />
</key>
<key name="Navigation Bar" >
  <topic name="Navigation Bar" url="Navigation_&amp;_Accessibility/Global_Navigation_bar.htm" />
</key>
<key name="New User Registration" >
  <topic name="New User Registration, confirmation page" url="Log_In_&amp;_Registration/New_User_Registration_Confirmation.htm" />
  <topic name="New User Registration, form page" url="Log_In_&amp;_Registration/New_User_Registration_Form.htm" />
  <topic name="Registration" url="Log_In_&amp;_Registration/Registration.htm" />
</key>
<key name="Office Director" >
  <topic name="Administration for PAOs and Office Directors" url="Administration/Administration_for_PAOs_and_Office_Directors.htm" />
</key>
<key name="PAO" >
  <topic name="Administration for PAOs and Office Directors" url="Administration/Administration_for_PAOs_and_Office_Directors.htm" />
</key>
<key name="Password" >
  <topic name="Forgot password" url="Log_In_&amp;_Registration/Forgot_password.htm" />
  <topic name="Logging In and Out" url="Log_In_&amp;_Registration/Logging_In_and_Out.htm" />
  <topic name="Registration" url="Log_In_&amp;_Registration/Registration.htm" />
</key>
<key name="Profiles" >
  <topic name="Alumni Profile page" url="Update_Alumni_Info/Alumni_Profile.htm" />
  <topic name="User Profile page" url="Administration/user_profile_page.htm" />
</key>
<key name="Program data" >
  <topic name="Alumni Profile" url="Update_Alumni_Info/Alumni_Profile.htm" />
</key>
<key name="Registration" >
  <topic name="New User Registration Confirmation page" url="Log_In_&amp;_Registration/New_User_Registration_Confirmation.htm" />
  <topic name="New User Registration Form page" url="Log_In_&amp;_Registration/New_User_Registration_Form.htm" />
  <topic name="Registration" url="Log_In_&amp;_Registration/Registration.htm" />
</key>
<key name="Registration data" >
  <topic name="New User Registration Form" url="Log_In_&amp;_Registration/New_User_Registration_Form.htm" />
  <topic name="Registration" url="Log_In_&amp;_Registration/Registration.htm" />
  <topic name="User Profile page" url="Administration/user_profile_page.htm" />
</key>
<key name="Requesting Access page" >
  <topic name="Requesting Access" url="Administration/Approve_Access.htm" />
</key>
<key name="Requesting Changes page" >
  <topic name="Requesting Changes" url="Administration/Approve_Changes.htm" />
</key>
<key name="Saved searches" >
  <topic name="Update Alumni Data" url="Update_Alumni_Info/Update_Alumni_Info.htm" />
</key>
<key name="Searching" >
  <topic name="Search Results" url="Update_Alumni_Info/Search_Results_.htm" />
  <topic name="Update Alumni Data" url="Update_Alumni_Info/Update_Alumni_Info.htm" />
</key>
<key name="Searching for alumni" >
  <topic name="Search Results" url="Update_Alumni_Info/Search_Results_.htm" />
  <topic name="Update Alumni Data" url="Update_Alumni_Info/Update_Alumni_Info.htm" />
</key>
<key name="Secret question" >
  <topic name="Forgot password" url="Log_In_&amp;_Registration/Forgot_password.htm" />
  <topic name="New User Registration Form" url="Log_In_&amp;_Registration/New_User_Registration_Form.htm" />
</key>
<key name="Self data" >
  <topic name="Self Data" url="Administration/Self_Data.htm" />
</key>
<key name="Signing on" >
  <topic name="Logging In" url="Log_In_&amp;_Registration/Logging_In_and_Out.htm" />
</key>
<key name="Special needs" >
  <topic name="Accessibility" url="Navigation_&amp;_Accessibility/accessibility.htm" />
</key>
<key name="Statistical reports" >
  <topic name="Create Statistical Reports" url="Reports/create_statistical_reports.htm" />
</key>
<key name="Updating alumni records" >
  <topic name="Alumni Profile" url="Update_Alumni_Info/Alumni_Profile.htm" />
  <topic name="Search Results" url="Update_Alumni_Info/Search_Results_.htm" />
  <topic name="Updating Alumni Data" url="Update_Alumni_Info/Updating_Alumni_Data.htm" />
</key>
<key name="Updating program data" >
  <topic name="Alumni Profile" url="Update_Alumni_Info/Alumni_Profile.htm" />
</key>
<key name="Updating your registration data" >
  <topic name="Self Data" url="Administration/Self_Data.htm" />
  <topic name="Updating Your Registration Data" url="Log_In_&amp;_Registration/Updating_Your_Registration_Data.htm" />
</key>
<key name="User data" >
  <topic name="User Profile Page" url="Administration/user_profile_page.htm" />
</key>
<key name="User profiles" >
  <topic name="User Profile page" url="Administration/user_profile_page.htm" />
</key>
<key name="User roles" >
  <topic name="User Profile Page" url="Administration/user_profile_page.htm" />
</key>

</indexdata>
